<?xml version="1.0" encoding="UTF-8"?>
<project-private xmlns="http://www.netbeans.org/ns/project-private/1">
    <editor-bookmarks xmlns="http://www.netbeans.org/ns/editor-bookmarks/2" lastBookmarkId="0"/>
    <open-files xmlns="http://www.netbeans.org/ns/projectui-open-files/2">
        <group>
            <file>file:/C:/Users/RSP-L23-LT-019/Documents/NetBeansProjects/Supermarket/src/Controlador/ControladorVenta.java</file>
            <file>file:/C:/Users/RSP-L23-LT-019/Documents/NetBeansProjects/Supermarket/src/Modelo/DetalleVenta.java</file>
            <file>file:/C:/Users/RSP-L23-LT-019/Documents/NetBeansProjects/Supermarket/src/DAO/VentaDAO.java</file>
            <file>file:/C:/Users/RSP-L23-LT-019/Documents/NetBeansProjects/Supermarket/src/Vista/FrmVenta.java</file>
            <file>file:/C:/Users/RSP-L23-LT-019/Documents/NetBeansProjects/Supermarket/src/Modelo/Venta.java</file>
            <file>file:/C:/Users/RSP-L23-LT-019/Documents/NetBeansProjects/Supermarket/src/Vista/FrmCliente.java</file>
            <file>file:/C:/Users/RSP-L23-LT-019/Documents/NetBeansProjects/Supermarket/src/Modelo/Producto.java</file>
            <file>file:/C:/Users/RSP-L23-LT-019/Documents/NetBeansProjects/Supermarket/src/DAO/Conexion.java</file>
            <file>file:/C:/Users/RSP-L23-LT-019/Documents/NetBeansProjects/Supermarket/src/Controlador/ControladorCliente.java</file>
            <file>file:/C:/Users/RSP-L23-LT-019/Documents/NetBeansProjects/Supermarket/src/Vista/FrmPrincipalMDI.java</file>
            <file>file:/C:/Users/RSP-L23-LT-019/Documents/NetBeansProjects/Supermarket/src/DAO/ClienteDAO.java</file>
            <file>file:/C:/Users/RSP-L23-LT-019/Documents/NetBeansProjects/Supermarket/src/DAO/ProductoDAO.java</file>
            <file>file:/C:/Users/RSP-L23-LT-019/Documents/NetBeansProjects/Supermarket/src/supermarket/Supermarket.java</file>
            <file>file:/C:/Users/RSP-L23-LT-019/Documents/NetBeansProjects/Supermarket/src/Modelo/Cliente.java</file>
        </group>
    </open-files>
</project-private>
